id,name,sku,price,original_price,stock,image,category,sizes,description,material,origin
u53,Karandi Floral Print Unstitched 3-Piece — Olive,ZX-UNS-0053,4550,8300,35,https://images.unsplash.com/photo-1618932260643-eee4a2f652a6?w=600&h=750&fit=crop&q=80,unstitched,Unstitched,"Export-leftover karandi fabric, floral print, cut as a complete 3-piece suit in olive. Genuine surplus yardage held back after the export order was finalised.",Karandi · Floral Print,Pakistan — Export Leftover
l35,Tassel Lace — 6 inch — Teal,ZX-LACE-0095,550,810,39,https://images.unsplash.com/photo-1601924994987-69e26d50dc26?w=600&h=750&fit=crop&q=80,lace,"1 Meter,5 Meter,10 Meter","Genuine export-surplus tassel lace, 6 inch width, in teal. Sold by the metre — ideal for finishing necklines, hems, and dupattas.",Tassel Lace,Pakistan — Export Leftover
l32,Velvet Border Lace — 1.5 inch — Mauve,ZX-LACE-0092,900,1410,12,https://images.unsplash.com/photo-1601924994987-69e26d50dc26?w=600&h=750&fit=crop&q=80,lace,"1 Meter,5 Meter,10 Meter","Genuine export-surplus velvet border lace, 1.5 inch width, in mauve. Sold by the metre — ideal for finishing necklines, hems, and dupattas.",Velvet Border Lace,Pakistan — Export Leftover
u56,Karandi Self-Print Unstitched 3-Piece — Coral,ZX-UNS-0056,3850,6450,21,https://images.unsplash.com/photo-1620799140408-edc6dcb6d633?w=600&h=750&fit=crop&q=80,unstitched,Unstitched,"Export-leftover karandi fabric, self-print, cut as a complete 3-piece suit in coral. Genuine surplus yardage held back after the export order was finalised.",Karandi · Self-Print,Pakistan — Export Leftover
l28,Crochet Lace — 1 inch — Turquoise,ZX-LACE-0088,850,1220,69,https://images.unsplash.com/photo-1607083681678-f8492ab959a6?w=600&h=750&fit=crop&q=80,lace,"1 Meter,5 Meter,10 Meter","Genuine export-surplus crochet lace, 1 inch width, in turquoise. Sold by the metre — ideal for finishing necklines, hems, and dupattas.",Crochet Lace,Pakistan — Export Leftover
u50,Chiffon Geometric Print Unstitched 3-Piece — Wine,ZX-UNS-0050,3250,5050,45,https://images.unsplash.com/photo-1591369822096-ffd140ec948f?w=600&h=750&fit=crop&q=80,unstitched,Unstitched,"Export-leftover chiffon fabric, geometric print, cut as a complete 3-piece suit in wine. Genuine surplus yardage held back after the export order was finalised.",Chiffon · Geometric Print,Pakistan — Export Leftover
u47,Viscose Block Print Unstitched 2-Piece — Mustard Yellow,ZX-UNS-0047,4050,7850,29,https://images.unsplash.com/photo-1610030469983-98e550d6193c?w=600&h=750&fit=crop&q=80,unstitched,Unstitched,"Export-leftover viscose fabric, block print, cut as a complete 2-piece suit in mustard yellow. Genuine surplus yardage held back after the export order was finalised.",Viscose · Block Print,Pakistan — Export Leftover
l24,Tissue Lace — 4 inch — Emerald Green,ZX-LACE-0084,700,1130,57,https://images.unsplash.com/photo-1601924994987-69e26d50dc26?w=600&h=750&fit=crop&q=80,lace,"1 Meter,5 Meter,10 Meter","Genuine export-surplus tissue lace, 4 inch width, in emerald green. Sold by the metre — ideal for finishing necklines, hems, and dupattas.",Tissue Lace,Pakistan — Export Leftover
l29,Chikankari Lace — 6 inch — Lavender,ZX-LACE-0089,650,850,51,https://images.unsplash.com/photo-1615397349754-cfa2066a298e?w=600&h=750&fit=crop&q=80,lace,"1 Meter,5 Meter,10 Meter","Genuine export-surplus chikankari lace, 6 inch width, in lavender. Sold by the metre — ideal for finishing necklines, hems, and dupattas.",Chikankari Lace,Pakistan — Export Leftover
l18,Pearl Lace — 2 inch — Navy Blue,ZX-LACE-0078,900,1180,79,https://images.unsplash.com/photo-1601924994987-69e26d50dc26?w=600&h=750&fit=crop&q=80,lace,"1 Meter,5 Meter,10 Meter","Genuine export-surplus pearl lace, 2 inch width, in navy blue. Sold by the metre — ideal for finishing necklines, hems, and dupattas.",Pearl Lace,Pakistan — Export Leftover
l8,Tissue Lace — 6 inch — Wine,ZX-LACE-0068,500,730,50,https://images.unsplash.com/photo-1607083681678-f8492ab959a6?w=600&h=750&fit=crop&q=80,lace,"1 Meter,5 Meter,10 Meter","Genuine export-surplus tissue lace, 6 inch width, in wine. Sold by the metre — ideal for finishing necklines, hems, and dupattas.",Tissue Lace,Pakistan — Export Leftover
u38,Cambric Digital Print Unstitched 3-Piece — Teal,ZX-UNS-0038,3800,7750,7,https://images.unsplash.com/photo-1596755094514-f87e34085b2c?w=600&h=750&fit=crop&q=80,unstitched,Unstitched,"Export-leftover cambric fabric, digital print, cut as a complete 3-piece suit in teal. Genuine surplus yardage held back after the export order was finalised.",Cambric · Digital Print,Pakistan — Export Leftover
u35,Lawn Embroidered & Printed Unstitched 1-Piece — Charcoal Grey,ZX-UNS-0035,2200,3950,18,https://images.unsplash.com/photo-1517841905240-472988babdf9?w=600&h=750&fit=crop&q=80,unstitched,Unstitched,"Export-leftover lawn fabric, embroidered & printed, cut as a complete 1-piece suit in charcoal grey. Genuine surplus yardage held back after the export order was finalised.",Lawn · Embroidered & Printed,Pakistan — Export Leftover
u23,Cambric Dyed Unstitched 3-Piece with Dupatta — Sky Blue,ZX-UNS-0023,4650,6900,17,https://images.unsplash.com/photo-1618932260643-eee4a2f652a6?w=600&h=750&fit=crop&q=80,unstitched,Unstitched,"Export-leftover cambric fabric, dyed, cut as a complete 3-piece with dupatta suit in sky blue. Genuine surplus yardage held back after the export order was finalised.",Cambric · Dyed,Pakistan — Export Leftover
l10,Tissue Lace — 3 inch — Coral,ZX-LACE-0070,650,1050,63,https://images.unsplash.com/photo-1601924994987-69e26d50dc26?w=600&h=750&fit=crop&q=80,lace,"1 Meter,5 Meter,10 Meter","Genuine export-surplus tissue lace, 3 inch width, in coral. Sold by the metre — ideal for finishing necklines, hems, and dupattas.",Tissue Lace,Pakistan — Export Leftover
l30,Net Lace — 1.5 inch — Rust,ZX-LACE-0090,550,820,45,https://images.unsplash.com/photo-1607083681678-f8492ab959a6?w=600&h=750&fit=crop&q=80,lace,"1 Meter,5 Meter,10 Meter","Genuine export-surplus net lace, 1.5 inch width, in rust. Sold by the metre — ideal for finishing necklines, hems, and dupattas.",Net Lace,Pakistan — Export Leftover
l40,Gota Lace — 6 inch — Blush Pink,ZX-LACE-0100,900,1220,11,https://images.unsplash.com/photo-1607083681678-f8492ab959a6?w=600&h=750&fit=crop&q=80,lace,"1 Meter,5 Meter,10 Meter","Genuine export-surplus gota lace, 6 inch width, in blush pink. Sold by the metre — ideal for finishing necklines, hems, and dupattas.",Gota Lace,Pakistan — Export Leftover
u22,Silk Embroidered & Printed Unstitched 3-Piece with Dupatta — Ivory,ZX-UNS-0022,5250,10100,15,https://images.unsplash.com/photo-1522335789203-aabd1fc54bc9?w=600&h=750&fit=crop&q=80,unstitched,Unstitched,"Export-leftover silk fabric, embroidered & printed, cut as a complete 3-piece with dupatta suit in ivory. Genuine surplus yardage held back after the export order was finalised.",Silk · Embroidered & Printed,Pakistan — Export Leftover
u21,Karandi Embroidered & Printed Unstitched 2-Piece — Blush Pink,ZX-UNS-0021,6000,10350,38,https://images.unsplash.com/photo-1594736797933-d0501ba2fe65?w=600&h=750&fit=crop&q=80,unstitched,Unstitched,"Export-leftover karandi fabric, embroidered & printed, cut as a complete 2-piece suit in blush pink. Genuine surplus yardage held back after the export order was finalised.",Karandi · Embroidered & Printed,Pakistan — Export Leftover
u4,Lawn Digital Print Unstitched 3-Piece with Dupatta — Olive,ZX-UNS-0004,3550,5350,24,https://images.unsplash.com/photo-1618932260643-eee4a2f652a6?w=600&h=750&fit=crop&q=80,unstitched,Unstitched,"Export-leftover lawn fabric, digital print, cut as a complete 3-piece with dupatta suit in olive. Genuine surplus yardage held back after the export order was finalised.",Lawn · Digital Print,Pakistan — Export Leftover
u34,Viscose Printed Unstitched 1-Piece — Plum,ZX-UNS-0034,4850,8450,36,https://images.unsplash.com/photo-1594736797933-d0501ba2fe65?w=600&h=750&fit=crop&q=80,unstitched,Unstitched,"Export-leftover viscose fabric, printed, cut as a complete 1-piece suit in plum. Genuine surplus yardage held back after the export order was finalised.",Viscose · Printed,Pakistan — Export Leftover
u25,Chiffon Embroidered Unstitched 1-Piece — Olive,ZX-UNS-0025,2250,3950,20,https://images.unsplash.com/photo-1602810318383-e386cc2a3ccf?w=600&h=750&fit=crop&q=80,unstitched,Unstitched,"Export-leftover chiffon fabric, embroidered, cut as a complete 1-piece suit in olive. Genuine surplus yardage held back after the export order was finalised.",Chiffon · Embroidered,Pakistan — Export Leftover
u42,Silk Embroidered Unstitched 1-Piece — Beige,ZX-UNS-0042,2750,4350,41,https://images.unsplash.com/photo-1591369822096-ffd140ec948f?w=600&h=750&fit=crop&q=80,unstitched,Unstitched,"Export-leftover silk fabric, embroidered, cut as a complete 1-piece suit in beige. Genuine surplus yardage held back after the export order was finalised.",Silk · Embroidered,Pakistan — Export Leftover
l22,Gota Lace — 1 inch — Plum,ZX-LACE-0082,150,270,58,https://images.unsplash.com/photo-1618375569909-3c8616cf7733?w=600&h=750&fit=crop&q=80,lace,"1 Meter,5 Meter,10 Meter","Genuine export-surplus gota lace, 1 inch width, in plum. Sold by the metre — ideal for finishing necklines, hems, and dupattas.",Gota Lace,Pakistan — Export Leftover
l33,Gota Lace — 1.5 inch — Lavender,ZX-LACE-0093,500,740,57,https://images.unsplash.com/photo-1618375569909-3c8616cf7733?w=600&h=750&fit=crop&q=80,lace,"1 Meter,5 Meter,10 Meter","Genuine export-surplus gota lace, 1.5 inch width, in lavender. Sold by the metre — ideal for finishing necklines, hems, and dupattas.",Gota Lace,Pakistan — Export Leftover
u26,Chiffon Embroidered & Printed Unstitched 2-Piece — Plum,ZX-UNS-0026,5450,9400,33,https://images.unsplash.com/photo-1517841905240-472988babdf9?w=600&h=750&fit=crop&q=80,unstitched,Unstitched,"Export-leftover chiffon fabric, embroidered & printed, cut as a complete 2-piece suit in plum. Genuine surplus yardage held back after the export order was finalised.",Chiffon · Embroidered & Printed,Pakistan — Export Leftover
u59,Georgette Dyed Unstitched 3-Piece with Dupatta — Teal,ZX-UNS-0059,4600,8600,35,https://images.unsplash.com/photo-1602810318383-e386cc2a3ccf?w=600&h=750&fit=crop&q=80,unstitched,Unstitched,"Export-leftover georgette fabric, dyed, cut as a complete 3-piece with dupatta suit in teal. Genuine surplus yardage held back after the export order was finalised.",Georgette · Dyed,Pakistan — Export Leftover
u2,Karandi Floral Print Unstitched 1-Piece — Maroon,ZX-UNS-0002,2350,3600,35,https://images.unsplash.com/photo-1610030469983-98e550d6193c?w=600&h=750&fit=crop&q=80,unstitched,Unstitched,"Export-leftover karandi fabric, floral print, cut as a complete 1-piece suit in maroon. Genuine surplus yardage held back after the export order was finalised.",Karandi · Floral Print,Pakistan — Export Leftover
l16,Zari Lace — 3 inch — Blush Pink,ZX-LACE-0076,850,1190,43,https://images.unsplash.com/photo-1618375569909-3c8616cf7733?w=600&h=750&fit=crop&q=80,lace,"1 Meter,5 Meter,10 Meter","Genuine export-surplus zari lace, 3 inch width, in blush pink. Sold by the metre — ideal for finishing necklines, hems, and dupattas.",Zari Lace,Pakistan — Export Leftover
l25,Velvet Border Lace — 6 inch — Olive,ZX-LACE-0085,150,270,72,https://images.unsplash.com/photo-1601924994987-69e26d50dc26?w=600&h=750&fit=crop&q=80,lace,"1 Meter,5 Meter,10 Meter","Genuine export-surplus velvet border lace, 6 inch width, in olive. Sold by the metre — ideal for finishing necklines, hems, and dupattas.",Velvet Border Lace,Pakistan — Export Leftover
u51,Cambric Dyed Unstitched 3-Piece — Navy Blue,ZX-UNS-0051,3550,5800,35,https://images.unsplash.com/photo-1517841905240-472988babdf9?w=600&h=750&fit=crop&q=80,unstitched,Unstitched,"Export-leftover cambric fabric, dyed, cut as a complete 3-piece suit in navy blue. Genuine surplus yardage held back after the export order was finalised.",Cambric · Dyed,Pakistan — Export Leftover
u18,Organza Digital Print Unstitched 1-Piece — Wine,ZX-UNS-0018,5850,10250,15,https://images.unsplash.com/photo-1594736797933-d0501ba2fe65?w=600&h=750&fit=crop&q=80,unstitched,Unstitched,"Export-leftover organza fabric, digital print, cut as a complete 1-piece suit in wine. Genuine surplus yardage held back after the export order was finalised.",Organza · Digital Print,Pakistan — Export Leftover
l27,Chikankari Lace — 4 inch — Mauve,ZX-LACE-0087,850,1320,44,https://images.unsplash.com/photo-1620799139507-2a76f79a2f4d?w=600&h=750&fit=crop&q=80,lace,"1 Meter,5 Meter,10 Meter","Genuine export-surplus chikankari lace, 4 inch width, in mauve. Sold by the metre — ideal for finishing necklines, hems, and dupattas.",Chikankari Lace,Pakistan — Export Leftover
u48,Khaddar Block Print Unstitched 2-Piece — Charcoal Grey,ZX-UNS-0048,4400,6200,24,https://images.unsplash.com/photo-1517841905240-472988babdf9?w=600&h=750&fit=crop&q=80,unstitched,Unstitched,"Export-leftover khaddar fabric, block print, cut as a complete 2-piece suit in charcoal grey. Genuine surplus yardage held back after the export order was finalised.",Khaddar · Block Print,Pakistan — Export Leftover
l6,Cutwork Lace — 4 inch — Coral,ZX-LACE-0066,850,1560,70,https://images.unsplash.com/photo-1618375569909-3c8616cf7733?w=600&h=750&fit=crop&q=80,lace,"1 Meter,5 Meter,10 Meter","Genuine export-surplus cutwork lace, 4 inch width, in coral. Sold by the metre — ideal for finishing necklines, hems, and dupattas.",Cutwork Lace,Pakistan — Export Leftover
u28,Karandi Printed Unstitched 3-Piece with Dupatta — Olive,ZX-UNS-0028,2450,3850,15,https://images.unsplash.com/photo-1620799140408-edc6dcb6d633?w=600&h=750&fit=crop&q=80,unstitched,Unstitched,"Export-leftover karandi fabric, printed, cut as a complete 3-piece with dupatta suit in olive. Genuine surplus yardage held back after the export order was finalised.",Karandi · Printed,Pakistan — Export Leftover
l5,Net Lace — 1.5 inch — Teal,ZX-LACE-0065,650,1210,66,https://images.unsplash.com/photo-1607083681678-f8492ab959a6?w=600&h=750&fit=crop&q=80,lace,"1 Meter,5 Meter,10 Meter","Genuine export-surplus net lace, 1.5 inch width, in teal. Sold by the metre — ideal for finishing necklines, hems, and dupattas.",Net Lace,Pakistan — Export Leftover
l39,Embroidered Organza Lace — 6 inch — Beige,ZX-LACE-0099,350,510,16,https://images.unsplash.com/photo-1607083681678-f8492ab959a6?w=600&h=750&fit=crop&q=80,lace,"1 Meter,5 Meter,10 Meter","Genuine export-surplus embroidered organza lace, 6 inch width, in beige. Sold by the metre — ideal for finishing necklines, hems, and dupattas.",Embroidered Organza Lace,Pakistan — Export Leftover
l36,Cutwork Lace — 1.5 inch — Olive,ZX-LACE-0096,300,520,33,https://images.unsplash.com/photo-1615397349754-cfa2066a298e?w=600&h=750&fit=crop&q=80,lace,"1 Meter,5 Meter,10 Meter","Genuine export-surplus cutwork lace, 1.5 inch width, in olive. Sold by the metre — ideal for finishing necklines, hems, and dupattas.",Cutwork Lace,Pakistan — Export Leftover
l15,Net Lace — 1.5 inch — Mint,ZX-LACE-0075,150,270,13,https://images.unsplash.com/photo-1601924994987-69e26d50dc26?w=600&h=750&fit=crop&q=80,lace,"1 Meter,5 Meter,10 Meter","Genuine export-surplus net lace, 1.5 inch width, in mint. Sold by the metre — ideal for finishing necklines, hems, and dupattas.",Net Lace,Pakistan — Export Leftover
u30,Organza Embroidered Unstitched 1-Piece — Beige,ZX-UNS-0030,1850,3800,18,https://images.unsplash.com/photo-1594736797933-d0501ba2fe65?w=600&h=750&fit=crop&q=80,unstitched,Unstitched,"Export-leftover organza fabric, embroidered, cut as a complete 1-piece suit in beige. Genuine surplus yardage held back after the export order was finalised.",Organza · Embroidered,Pakistan — Export Leftover
u60,Khaddar Embroidered Unstitched 3-Piece — Sky Blue,ZX-UNS-0060,6000,11050,24,https://images.unsplash.com/photo-1618932260643-eee4a2f652a6?w=600&h=750&fit=crop&q=80,unstitched,Unstitched,"Export-leftover khaddar fabric, embroidered, cut as a complete 3-piece suit in sky blue. Genuine surplus yardage held back after the export order was finalised.",Khaddar · Embroidered,Pakistan — Export Leftover
u46,Lawn Dyed Unstitched 2-Piece — Coral,ZX-UNS-0046,2600,3700,26,https://images.unsplash.com/photo-1596755094514-f87e34085b2c?w=600&h=750&fit=crop&q=80,unstitched,Unstitched,"Export-leftover lawn fabric, dyed, cut as a complete 2-piece suit in coral. Genuine surplus yardage held back after the export order was finalised.",Lawn · Dyed,Pakistan — Export Leftover
l31,Embroidered Organza Lace — 4 inch — Ivory,ZX-LACE-0091,250,360,62,https://images.unsplash.com/photo-1618375569909-3c8616cf7733?w=600&h=750&fit=crop&q=80,lace,"1 Meter,5 Meter,10 Meter","Genuine export-surplus embroidered organza lace, 4 inch width, in ivory. Sold by the metre — ideal for finishing necklines, hems, and dupattas.",Embroidered Organza Lace,Pakistan — Export Leftover
u3,Lawn Embroidered & Printed Unstitched 2-Piece — Beige,ZX-UNS-0003,4450,6900,40,https://images.unsplash.com/photo-1522335789203-aabd1fc54bc9?w=600&h=750&fit=crop&q=80,unstitched,Unstitched,"Export-leftover lawn fabric, embroidered & printed, cut as a complete 2-piece suit in beige. Genuine surplus yardage held back after the export order was finalised.",Lawn · Embroidered & Printed,Pakistan — Export Leftover
u19,Viscose Digital Print Unstitched 1-Piece — Mint,ZX-UNS-0019,3850,6700,10,https://images.unsplash.com/photo-1544441893-675973e31985?w=600&h=750&fit=crop&q=80,unstitched,Unstitched,"Export-leftover viscose fabric, digital print, cut as a complete 1-piece suit in mint. Genuine surplus yardage held back after the export order was finalised.",Viscose · Digital Print,Pakistan — Export Leftover
u31,Cambric Geometric Print Unstitched 3-Piece with Dupatta — Ivory,ZX-UNS-0031,4350,8800,13,https://images.unsplash.com/photo-1517841905240-472988babdf9?w=600&h=750&fit=crop&q=80,unstitched,Unstitched,"Export-leftover cambric fabric, geometric print, cut as a complete 3-piece with dupatta suit in ivory. Genuine surplus yardage held back after the export order was finalised.",Cambric · Geometric Print,Pakistan — Export Leftover
l9,Tissue Lace — 1.5 inch — Blush Pink,ZX-LACE-0069,500,760,29,https://images.unsplash.com/photo-1615397349754-cfa2066a298e?w=600&h=750&fit=crop&q=80,lace,"1 Meter,5 Meter,10 Meter","Genuine export-surplus tissue lace, 1.5 inch width, in blush pink. Sold by the metre — ideal for finishing necklines, hems, and dupattas.",Tissue Lace,Pakistan — Export Leftover
u45,Khaddar Geometric Print Unstitched 3-Piece with Dupatta — Beige,ZX-UNS-0045,1850,2700,12,https://images.unsplash.com/photo-1620799140408-edc6dcb6d633?w=600&h=750&fit=crop&q=80,unstitched,Unstitched,"Export-leftover khaddar fabric, geometric print, cut as a complete 3-piece with dupatta suit in beige. Genuine surplus yardage held back after the export order was finalised.",Khaddar · Geometric Print,Pakistan — Export Leftover
l26,Pearl Lace — 2 inch — Teal,ZX-LACE-0086,350,540,76,https://images.unsplash.com/photo-1620799139507-2a76f79a2f4d?w=600&h=750&fit=crop&q=80,lace,"1 Meter,5 Meter,10 Meter","Genuine export-surplus pearl lace, 2 inch width, in teal. Sold by the metre — ideal for finishing necklines, hems, and dupattas.",Pearl Lace,Pakistan — Export Leftover
l4,Pearl Lace — 1.5 inch — Charcoal Grey,ZX-LACE-0064,850,1130,41,https://images.unsplash.com/photo-1601924994987-69e26d50dc26?w=600&h=750&fit=crop&q=80,lace,"1 Meter,5 Meter,10 Meter","Genuine export-surplus pearl lace, 1.5 inch width, in charcoal grey. Sold by the metre — ideal for finishing necklines, hems, and dupattas.",Pearl Lace,Pakistan — Export Leftover
u1,Karandi Printed Unstitched 3-Piece — Peach,ZX-UNS-0001,3200,4750,9,https://images.unsplash.com/photo-1620799140408-edc6dcb6d633?w=600&h=750&fit=crop&q=80,unstitched,Unstitched,"Export-leftover karandi fabric, printed, cut as a complete 3-piece suit in peach. Genuine surplus yardage held back after the export order was finalised.",Karandi · Printed,Pakistan — Export Leftover
l11,Crochet Lace — 3 inch — Lavender,ZX-LACE-0071,150,270,58,https://images.unsplash.com/photo-1618375569909-3c8616cf7733?w=600&h=750&fit=crop&q=80,lace,"1 Meter,5 Meter,10 Meter","Genuine export-surplus crochet lace, 3 inch width, in lavender. Sold by the metre — ideal for finishing necklines, hems, and dupattas.",Crochet Lace,Pakistan — Export Leftover
u5,Karandi Floral Print Unstitched 1-Piece — Rust,ZX-UNS-0005,4000,7250,5,https://images.unsplash.com/photo-1602810318383-e386cc2a3ccf?w=600&h=750&fit=crop&q=80,unstitched,Unstitched,"Export-leftover karandi fabric, floral print, cut as a complete 1-piece suit in rust. Genuine surplus yardage held back after the export order was finalised.",Karandi · Floral Print,Pakistan — Export Leftover
u36,Karandi Block Print Unstitched 1-Piece — Mint,ZX-UNS-0036,2300,3850,40,https://images.unsplash.com/photo-1610030469983-98e550d6193c?w=600&h=750&fit=crop&q=80,unstitched,Unstitched,"Export-leftover karandi fabric, block print, cut as a complete 1-piece suit in mint. Genuine surplus yardage held back after the export order was finalised.",Karandi · Block Print,Pakistan — Export Leftover
u12,Karandi Block Print Unstitched 3-Piece — Ivory,ZX-UNS-0012,5950,10400,44,https://images.unsplash.com/photo-1602810318383-e386cc2a3ccf?w=600&h=750&fit=crop&q=80,unstitched,Unstitched,"Export-leftover karandi fabric, block print, cut as a complete 3-piece suit in ivory. Genuine surplus yardage held back after the export order was finalised.",Karandi · Block Print,Pakistan — Export Leftover
l17,Tassel Lace — 1.5 inch — Teal,ZX-LACE-0077,650,970,58,https://images.unsplash.com/photo-1620799139507-2a76f79a2f4d?w=600&h=750&fit=crop&q=80,lace,"1 Meter,5 Meter,10 Meter","Genuine export-surplus tassel lace, 1.5 inch width, in teal. Sold by the metre — ideal for finishing necklines, hems, and dupattas.",Tassel Lace,Pakistan — Export Leftover
l19,Tassel Lace — 1.5 inch — Navy Blue,ZX-LACE-0079,200,350,41,https://images.unsplash.com/photo-1615397349754-cfa2066a298e?w=600&h=750&fit=crop&q=80,lace,"1 Meter,5 Meter,10 Meter","Genuine export-surplus tassel lace, 1.5 inch width, in navy blue. Sold by the metre — ideal for finishing necklines, hems, and dupattas.",Tassel Lace,Pakistan — Export Leftover
u6,Organza Embroidered Unstitched 3-Piece with Dupatta — Navy Blue,ZX-UNS-0006,5300,8500,43,https://images.unsplash.com/photo-1610030469983-98e550d6193c?w=600&h=750&fit=crop&q=80,unstitched,Unstitched,"Export-leftover organza fabric, embroidered, cut as a complete 3-piece with dupatta suit in navy blue. Genuine surplus yardage held back after the export order was finalised.",Organza · Embroidered,Pakistan — Export Leftover
u43,Viscose Block Print Unstitched 3-Piece — Sky Blue,ZX-UNS-0043,4900,7700,6,https://images.unsplash.com/photo-1618932260643-eee4a2f652a6?w=600&h=750&fit=crop&q=80,unstitched,Unstitched,"Export-leftover viscose fabric, block print, cut as a complete 3-piece suit in sky blue. Genuine surplus yardage held back after the export order was finalised.",Viscose · Block Print,Pakistan — Export Leftover
u17,Silk Dyed Unstitched 1-Piece — Wine,ZX-UNS-0017,4550,6850,3,https://images.unsplash.com/photo-1522335789203-aabd1fc54bc9?w=600&h=750&fit=crop&q=80,unstitched,Unstitched,"Export-leftover silk fabric, dyed, cut as a complete 1-piece suit in wine. Genuine surplus yardage held back after the export order was finalised.",Silk · Dyed,Pakistan — Export Leftover
u14,Georgette Floral Print Unstitched 3-Piece — Peach,ZX-UNS-0014,2650,4650,8,https://images.unsplash.com/photo-1596755094514-f87e34085b2c?w=600&h=750&fit=crop&q=80,unstitched,Unstitched,"Export-leftover georgette fabric, floral print, cut as a complete 3-piece suit in peach. Genuine surplus yardage held back after the export order was finalised.",Georgette · Floral Print,Pakistan — Export Leftover
u41,Georgette Embroidered & Printed Unstitched 1-Piece — Beige,ZX-UNS-0041,3700,7550,9,https://images.unsplash.com/photo-1594736797933-d0501ba2fe65?w=600&h=750&fit=crop&q=80,unstitched,Unstitched,"Export-leftover georgette fabric, embroidered & printed, cut as a complete 1-piece suit in beige. Genuine surplus yardage held back after the export order was finalised.",Georgette · Embroidered & Printed,Pakistan — Export Leftover
u27,Chiffon Embroidered Unstitched 1-Piece — Coral,ZX-UNS-0027,4050,6850,32,https://images.unsplash.com/photo-1596755094514-f87e34085b2c?w=600&h=750&fit=crop&q=80,unstitched,Unstitched,"Export-leftover chiffon fabric, embroidered, cut as a complete 1-piece suit in coral. Genuine surplus yardage held back after the export order was finalised.",Chiffon · Embroidered,Pakistan — Export Leftover
u13,Khaddar Self-Print Unstitched 2-Piece — Peach,ZX-UNS-0013,5350,9500,40,https://images.unsplash.com/photo-1517841905240-472988babdf9?w=600&h=750&fit=crop&q=80,unstitched,Unstitched,"Export-leftover khaddar fabric, self-print, cut as a complete 2-piece suit in peach. Genuine surplus yardage held back after the export order was finalised.",Khaddar · Self-Print,Pakistan — Export Leftover
u8,Chiffon Embroidered Unstitched 3-Piece with Dupatta — Turquoise,ZX-UNS-0008,4700,8650,26,https://images.unsplash.com/photo-1594736797933-d0501ba2fe65?w=600&h=750&fit=crop&q=80,unstitched,Unstitched,"Export-leftover chiffon fabric, embroidered, cut as a complete 3-piece with dupatta suit in turquoise. Genuine surplus yardage held back after the export order was finalised.",Chiffon · Embroidered,Pakistan — Export Leftover
u40,Karandi Block Print Unstitched 3-Piece — Wine,ZX-UNS-0040,2800,4750,37,https://images.unsplash.com/photo-1522335789203-aabd1fc54bc9?w=600&h=750&fit=crop&q=80,unstitched,Unstitched,"Export-leftover karandi fabric, block print, cut as a complete 3-piece suit in wine. Genuine surplus yardage held back after the export order was finalised.",Karandi · Block Print,Pakistan — Export Leftover
u55,Chiffon Dyed Unstitched 3-Piece with Dupatta — Navy Blue,ZX-UNS-0055,6050,12350,42,https://images.unsplash.com/photo-1544441893-675973e31985?w=600&h=750&fit=crop&q=80,unstitched,Unstitched,"Export-leftover chiffon fabric, dyed, cut as a complete 3-piece with dupatta suit in navy blue. Genuine surplus yardage held back after the export order was finalised.",Chiffon · Dyed,Pakistan — Export Leftover
l20,Embroidered Organza Lace — 4 inch — Blush Pink,ZX-LACE-0080,500,680,24,https://images.unsplash.com/photo-1607083681678-f8492ab959a6?w=600&h=750&fit=crop&q=80,lace,"1 Meter,5 Meter,10 Meter","Genuine export-surplus embroidered organza lace, 4 inch width, in blush pink. Sold by the metre — ideal for finishing necklines, hems, and dupattas.",Embroidered Organza Lace,Pakistan — Export Leftover
l37,Crochet Lace — 6 inch — Mauve,ZX-LACE-0097,550,950,77,https://images.unsplash.com/photo-1607083681678-f8492ab959a6?w=600&h=750&fit=crop&q=80,lace,"1 Meter,5 Meter,10 Meter","Genuine export-surplus crochet lace, 6 inch width, in mauve. Sold by the metre — ideal for finishing necklines, hems, and dupattas.",Crochet Lace,Pakistan — Export Leftover
u58,Georgette Self-Print Unstitched 3-Piece with Dupatta — Beige,ZX-UNS-0058,1800,2900,16,https://images.unsplash.com/photo-1517841905240-472988babdf9?w=600&h=750&fit=crop&q=80,unstitched,Unstitched,"Export-leftover georgette fabric, self-print, cut as a complete 3-piece with dupatta suit in beige. Genuine surplus yardage held back after the export order was finalised.",Georgette · Self-Print,Pakistan — Export Leftover
u49,Chiffon Self-Print Unstitched 2-Piece — Mustard Yellow,ZX-UNS-0049,4200,8400,33,https://images.unsplash.com/photo-1591369822096-ffd140ec948f?w=600&h=750&fit=crop&q=80,unstitched,Unstitched,"Export-leftover chiffon fabric, self-print, cut as a complete 2-piece suit in mustard yellow. Genuine surplus yardage held back after the export order was finalised.",Chiffon · Self-Print,Pakistan — Export Leftover
l7,Gota Lace — 1.5 inch — Turquoise,ZX-LACE-0067,900,1500,45,https://images.unsplash.com/photo-1618375569909-3c8616cf7733?w=600&h=750&fit=crop&q=80,lace,"1 Meter,5 Meter,10 Meter","Genuine export-surplus gota lace, 1.5 inch width, in turquoise. Sold by the metre — ideal for finishing necklines, hems, and dupattas.",Gota Lace,Pakistan — Export Leftover
u29,Linen Digital Print Unstitched 3-Piece with Dupatta — Charcoal Grey,ZX-UNS-0029,3550,6100,7,https://images.unsplash.com/photo-1602810318383-e386cc2a3ccf?w=600&h=750&fit=crop&q=80,unstitched,Unstitched,"Export-leftover linen fabric, digital print, cut as a complete 3-piece with dupatta suit in charcoal grey. Genuine surplus yardage held back after the export order was finalised.",Linen · Digital Print,Pakistan — Export Leftover
u54,Cambric Block Print Unstitched 3-Piece — Emerald Green,ZX-UNS-0054,6300,10700,36,https://images.unsplash.com/photo-1620799140408-edc6dcb6d633?w=600&h=750&fit=crop&q=80,unstitched,Unstitched,"Export-leftover cambric fabric, block print, cut as a complete 3-piece suit in emerald green. Genuine surplus yardage held back after the export order was finalised.",Cambric · Block Print,Pakistan — Export Leftover
l12,Embroidered Organza Lace — 2 inch — Wine,ZX-LACE-0072,750,1350,63,https://images.unsplash.com/photo-1607083681678-f8492ab959a6?w=600&h=750&fit=crop&q=80,lace,"1 Meter,5 Meter,10 Meter","Genuine export-surplus embroidered organza lace, 2 inch width, in wine. Sold by the metre — ideal for finishing necklines, hems, and dupattas.",Embroidered Organza Lace,Pakistan — Export Leftover
u16,Linen Embroidered & Printed Unstitched 3-Piece — Beige,ZX-UNS-0016,1850,3450,10,https://images.unsplash.com/photo-1620799140408-edc6dcb6d633?w=600&h=750&fit=crop&q=80,unstitched,Unstitched,"Export-leftover linen fabric, embroidered & printed, cut as a complete 3-piece suit in beige. Genuine surplus yardage held back after the export order was finalised.",Linen · Embroidered & Printed,Pakistan — Export Leftover
u32,Lawn Floral Print Unstitched 3-Piece — Teal,ZX-UNS-0032,3600,6100,38,https://images.unsplash.com/photo-1602810318383-e386cc2a3ccf?w=600&h=750&fit=crop&q=80,unstitched,Unstitched,"Export-leftover lawn fabric, floral print, cut as a complete 3-piece suit in teal. Genuine surplus yardage held back after the export order was finalised.",Lawn · Floral Print,Pakistan — Export Leftover
u11,Chiffon Dyed Unstitched 1-Piece — Peach,ZX-UNS-0011,2000,3900,28,https://images.unsplash.com/photo-1522335789203-aabd1fc54bc9?w=600&h=750&fit=crop&q=80,unstitched,Unstitched,"Export-leftover chiffon fabric, dyed, cut as a complete 1-piece suit in peach. Genuine surplus yardage held back after the export order was finalised.",Chiffon · Dyed,Pakistan — Export Leftover
u39,Linen Embroidered Unstitched 1-Piece — Beige,ZX-UNS-0039,3150,5500,11,https://images.unsplash.com/photo-1544441893-675973e31985?w=600&h=750&fit=crop&q=80,unstitched,Unstitched,"Export-leftover linen fabric, embroidered, cut as a complete 1-piece suit in beige. Genuine surplus yardage held back after the export order was finalised.",Linen · Embroidered,Pakistan — Export Leftover
l13,Cutwork Lace — 6 inch — Beige,ZX-LACE-0073,500,790,44,https://images.unsplash.com/photo-1618375569909-3c8616cf7733?w=600&h=750&fit=crop&q=80,lace,"1 Meter,5 Meter,10 Meter","Genuine export-surplus cutwork lace, 6 inch width, in beige. Sold by the metre — ideal for finishing necklines, hems, and dupattas.",Cutwork Lace,Pakistan — Export Leftover
l23,Cutwork Lace — 1.5 inch — Navy Blue,ZX-LACE-0083,500,680,48,https://images.unsplash.com/photo-1607083681678-f8492ab959a6?w=600&h=750&fit=crop&q=80,lace,"1 Meter,5 Meter,10 Meter","Genuine export-surplus cutwork lace, 1.5 inch width, in navy blue. Sold by the metre — ideal for finishing necklines, hems, and dupattas.",Cutwork Lace,Pakistan — Export Leftover
u20,Silk Block Print Unstitched 1-Piece — Peach,ZX-UNS-0020,5400,11100,8,https://images.unsplash.com/photo-1602810318383-e386cc2a3ccf?w=600&h=750&fit=crop&q=80,unstitched,Unstitched,"Export-leftover silk fabric, block print, cut as a complete 1-piece suit in peach. Genuine surplus yardage held back after the export order was finalised.",Silk · Block Print,Pakistan — Export Leftover
l34,Velvet Border Lace — 4 inch — Rust,ZX-LACE-0094,800,1510,80,https://images.unsplash.com/photo-1620799139507-2a76f79a2f4d?w=600&h=750&fit=crop&q=80,lace,"1 Meter,5 Meter,10 Meter","Genuine export-surplus velvet border lace, 4 inch width, in rust. Sold by the metre — ideal for finishing necklines, hems, and dupattas.",Velvet Border Lace,Pakistan — Export Leftover
l21,Crochet Lace — 3 inch — Turquoise,ZX-LACE-0081,700,980,24,https://images.unsplash.com/photo-1615397349754-cfa2066a298e?w=600&h=750&fit=crop&q=80,lace,"1 Meter,5 Meter,10 Meter","Genuine export-surplus crochet lace, 3 inch width, in turquoise. Sold by the metre — ideal for finishing necklines, hems, and dupattas.",Crochet Lace,Pakistan — Export Leftover
l14,Net Lace — 1 inch — Lavender,ZX-LACE-0074,650,1100,61,https://images.unsplash.com/photo-1615397349754-cfa2066a298e?w=600&h=750&fit=crop&q=80,lace,"1 Meter,5 Meter,10 Meter","Genuine export-surplus net lace, 1 inch width, in lavender. Sold by the metre — ideal for finishing necklines, hems, and dupattas.",Net Lace,Pakistan — Export Leftover
u10,Georgette Digital Print Unstitched 2-Piece — Charcoal Grey,ZX-UNS-0010,4750,7900,43,https://images.unsplash.com/photo-1620799140408-edc6dcb6d633?w=600&h=750&fit=crop&q=80,unstitched,Unstitched,"Export-leftover georgette fabric, digital print, cut as a complete 2-piece suit in charcoal grey. Genuine surplus yardage held back after the export order was finalised.",Georgette · Digital Print,Pakistan — Export Leftover
l3,Net Lace — 3 inch — Peach,ZX-LACE-0063,350,590,10,https://images.unsplash.com/photo-1601924994987-69e26d50dc26?w=600&h=750&fit=crop&q=80,lace,"1 Meter,5 Meter,10 Meter","Genuine export-surplus net lace, 3 inch width, in peach. Sold by the metre — ideal for finishing necklines, hems, and dupattas.",Net Lace,Pakistan — Export Leftover
u52,Organza Dyed Unstitched 1-Piece — Mustard Yellow,ZX-UNS-0052,3450,5250,19,https://images.unsplash.com/photo-1596755094514-f87e34085b2c?w=600&h=750&fit=crop&q=80,unstitched,Unstitched,"Export-leftover organza fabric, dyed, cut as a complete 1-piece suit in mustard yellow. Genuine surplus yardage held back after the export order was finalised.",Organza · Dyed,Pakistan — Export Leftover
u9,Viscose Dyed Unstitched 2-Piece — Turquoise,ZX-UNS-0009,6250,12800,44,https://images.unsplash.com/photo-1618932260643-eee4a2f652a6?w=600&h=750&fit=crop&q=80,unstitched,Unstitched,"Export-leftover viscose fabric, dyed, cut as a complete 2-piece suit in turquoise. Genuine surplus yardage held back after the export order was finalised.",Viscose · Dyed,Pakistan — Export Leftover
u15,Karandi Digital Print Unstitched 2-Piece — Coral,ZX-UNS-0015,5600,8050,27,https://images.unsplash.com/photo-1610030469983-98e550d6193c?w=600&h=750&fit=crop&q=80,unstitched,Unstitched,"Export-leftover karandi fabric, digital print, cut as a complete 2-piece suit in coral. Genuine surplus yardage held back after the export order was finalised.",Karandi · Digital Print,Pakistan — Export Leftover
l38,Gota Lace — 1 inch — Ivory,ZX-LACE-0098,600,860,32,https://images.unsplash.com/photo-1620799139507-2a76f79a2f4d?w=600&h=750&fit=crop&q=80,lace,"1 Meter,5 Meter,10 Meter","Genuine export-surplus gota lace, 1 inch width, in ivory. Sold by the metre — ideal for finishing necklines, hems, and dupattas.",Gota Lace,Pakistan — Export Leftover
u33,Khaddar Block Print Unstitched 3-Piece — Ivory,ZX-UNS-0033,2150,3850,37,https://images.unsplash.com/photo-1596755094514-f87e34085b2c?w=600&h=750&fit=crop&q=80,unstitched,Unstitched,"Export-leftover khaddar fabric, block print, cut as a complete 3-piece suit in ivory. Genuine surplus yardage held back after the export order was finalised.",Khaddar · Block Print,Pakistan — Export Leftover
u7,Viscose Block Print Unstitched 1-Piece — Emerald Green,ZX-UNS-0007,6000,9350,21,https://images.unsplash.com/photo-1618932260643-eee4a2f652a6?w=600&h=750&fit=crop&q=80,unstitched,Unstitched,"Export-leftover viscose fabric, block print, cut as a complete 1-piece suit in emerald green. Genuine surplus yardage held back after the export order was finalised.",Viscose · Block Print,Pakistan — Export Leftover
u24,Viscose Printed Unstitched 2-Piece — Plum,ZX-UNS-0024,3200,4450,43,https://images.unsplash.com/photo-1596755094514-f87e34085b2c?w=600&h=750&fit=crop&q=80,unstitched,Unstitched,"Export-leftover viscose fabric, printed, cut as a complete 2-piece suit in plum. Genuine surplus yardage held back after the export order was finalised.",Viscose · Printed,Pakistan — Export Leftover
u44,Cambric Self-Print Unstitched 1-Piece — Maroon,ZX-UNS-0044,3900,7550,43,https://images.unsplash.com/photo-1522335789203-aabd1fc54bc9?w=600&h=750&fit=crop&q=80,unstitched,Unstitched,"Export-leftover cambric fabric, self-print, cut as a complete 1-piece suit in maroon. Genuine surplus yardage held back after the export order was finalised.",Cambric · Self-Print,Pakistan — Export Leftover
u57,Khaddar Block Print Unstitched 3-Piece with Dupatta — Lavender,ZX-UNS-0057,6100,11700,14,https://images.unsplash.com/photo-1610030469983-98e550d6193c?w=600&h=750&fit=crop&q=80,unstitched,Unstitched,"Export-leftover khaddar fabric, block print, cut as a complete 3-piece with dupatta suit in lavender. Genuine surplus yardage held back after the export order was finalised.",Khaddar · Block Print,Pakistan — Export Leftover
l2,Embroidered Organza Lace — 1.5 inch — Mauve,ZX-LACE-0062,250,390,34,https://images.unsplash.com/photo-1618375569909-3c8616cf7733?w=600&h=750&fit=crop&q=80,lace,"1 Meter,5 Meter,10 Meter","Genuine export-surplus embroidered organza lace, 1.5 inch width, in mauve. Sold by the metre — ideal for finishing necklines, hems, and dupattas.",Embroidered Organza Lace,Pakistan — Export Leftover
l1,Crochet Lace — 6 inch — Wine,ZX-LACE-0061,500,890,28,https://images.unsplash.com/photo-1601924994987-69e26d50dc26?w=600&h=750&fit=crop&q=80,lace,"1 Meter,5 Meter,10 Meter","Genuine export-surplus crochet lace, 6 inch width, in wine. Sold by the metre — ideal for finishing necklines, hems, and dupattas.",Crochet Lace,Pakistan — Export Leftover
u37,Organza Dyed Unstitched 3-Piece — Ivory,ZX-UNS-0037,6050,11500,18,https://images.unsplash.com/photo-1522335789203-aabd1fc54bc9?w=600&h=750&fit=crop&q=80,unstitched,Unstitched,"Export-leftover organza fabric, dyed, cut as a complete 3-piece suit in ivory. Genuine surplus yardage held back after the export order was finalised.",Organza · Dyed,Pakistan — Export Leftover
